{"get_grades": 1777540107.0435314, "read_file": 1777540108.2630916, "get_pass": 1777540109.4511414, "get_courses": 1777540113.867373, "session": 1777540117.4049788, "login": 1777540120.6744807, "file_manip": 1777540121.935452, "select": 1777540110.7394054}